{
    "navigationBarTitleText": "视频详情",
    "backgroundColor": "#000000",
    "usingComponents": {
        "note-list": "../note-list/index",
        "single-note-item": "../single-note-item/index",
        "launch-app": "../launch-app/index",
        "more-note-launch-app": "../launch-app/index",
        "activity-launch-app": "../launch-app/index",
        "avatar": "../avatar/index",
        "collect-form": "../collect-form/index",
        "launch-app-modal": "../launch-app-modal/index",
        "share-info-bar": "../share-info-bar/index",
        "activity-banner": "../activity-banner/index"
    }
}